engine_id,cycle,op_setting_1,op_setting_2,op_setting_3,sensor_1,sensor_2,sensor_3,sensor_4,sensor_5,sensor_6,sensor_7,sensor_8,sensor_9,sensor_10,sensor_11,sensor_12,sensor_13,sensor_14,sensor_15,sensor_16,sensor_17,sensor_18,sensor_19,sensor_20,sensor_21,max_cycle,RUL,risk_level
1,59,24.9987,0.6209,60.0,462.54,536.57,1251.72,1035.54,7.05,9.01,174.73,1915.23,8003.35,0.93,36.48,163.88,2028.13,7868.12,10.8975,0.02,305,1915,84.93,14.34,8.5356,321,262,Healthy
2,154,41.9997,0.8414,100.0,445.0,549.82,1353.23,1118.16,3.91,5.71,138.85,2211.84,8313.4,1.02,41.92,130.1,2387.95,8083.39,9.3619,0.02,331,2212,100.0,10.76,6.4619,299,145,Healthy
3,63,20.0023,0.7,100.0,491.19,607.06,1475.05,1243.88,9.35,13.63,336.19,2323.97,8725.16,1.08,44.31,316.46,2388.11,8067.19,9.1425,0.02,364,2324,100.0,24.69,14.9011,307,244,Healthy
4,28,42.0016,0.8414,100.0,445.0,549.4,1351.24,1122.03,3.91,5.71,138.39,2211.92,8320.01,1.02,42.17,130.01,2388.0,8085.83,9.3523,0.02,330,2212,100.0,10.64,6.3236,274,246,Healthy
5,29,42.0015,0.84,100.0,445.0,549.8,1358.36,1118.78,3.91,5.71,138.6,2211.64,8320.42,1.02,42.16,130.54,2387.73,8073.35,9.3645,0.02,331,2212,100.0,10.56,6.2463,193,164,Healthy
6,193,0.0005,0.0009,100.0,518.67,642.2,1576.84,1407.36,14.62,21.58,555.28,2388.06,9062.11,1.3,47.1,523.48,2387.96,8139.56,8.365,0.03,391,2388,100.0,39.01,23.5039,331,138,Healthy
7,41,35.004,0.8412,100.0,449.44,555.9,1359.69,1133.24,5.48,8.0,193.78,2222.82,8339.3,1.02,42.0,183.11,2387.91,8058.08,9.3481,0.02,334,2223,100.0,14.78,8.8718,221,180,Healthy
8,80,10.0028,0.2514,100.0,489.05,604.7,1502.01,1304.61,10.52,15.49,395.17,2318.92,8772.71,1.26,45.18,372.07,2388.14,8122.21,8.6393,0.03,369,2319,100.0,28.56,17.2406,230,150,Healthy
9,134,41.9988,0.8401,100.0,445.0,549.14,1348.65,1116.01,3.91,5.71,139.98,2212.06,8323.98,1.02,41.77,131.22,2388.08,8088.04,9.3029,0.02,329,2212,100.0,10.55,6.343,334,200,Healthy
10,57,25.0038,0.62,60.0,462.54,536.0,1246.86,1040.56,7.05,9.0,174.65,1915.22,7994.07,0.94,36.39,163.66,2028.1,7867.12,10.8574,0.02,305,1915,84.93,14.21,8.6462,354,297,Healthy
11,270,35.0004,0.84,100.0,449.44,556.22,1368.78,1140.79,5.48,8.0,193.42,2222.98,8357.54,1.02,42.54,182.48,2388.02,8067.9,9.3917,0.02,337,2223,100.0,14.53,8.8249,301,31,Critical
12,242,25.004,0.62,60.0,462.54,536.85,1256.83,1042.14,7.05,9.0,177.09,1915.6,8033.62,0.94,36.64,166.58,2028.55,7896.44,10.7025,0.02,307,1915,84.93,14.39,8.6015,272,30,Critical
13,220,0.0009,0.0,100.0,518.67,643.21,1594.52,1419.77,14.62,21.61,552.09,2388.23,9033.66,1.3,47.78,520.73,2388.2,8119.72,8.4797,0.03,394,2388,100.0,38.89,23.1677,256,36,Critical
14,155,25.0035,0.62,60.0,462.54,536.97,1257.27,1043.43,7.05,9.01,175.32,1915.36,8009.85,0.94,36.48,164.76,2028.21,7875.65,10.8132,0.02,305,1915,84.93,14.34,8.6076,253,98,Warning
15,64,20.0006,0.7,100.0,491.19,607.74,1484.89,1250.42,9.35,13.65,337.2,2324.0,8728.3,1.08,44.29,317.31,2388.16,8067.65,9.117,0.02,364,2324,100.0,24.47,14.8173,224,160,Healthy
16,67,42.0064,0.84,100.0,445.0,549.58,1354.13,1123.63,3.91,5.71,139.0,2211.7,8308.08,1.02,42.12,130.8,2387.72,8069.32,9.3821,0.02,332,2212,100.0,10.6,6.3746,184,117,Warning
17,51,35.0073,0.8413,100.0,449.44,555.44,1362.07,1125.71,5.48,8.0,194.95,2222.97,8349.9,1.02,41.61,182.72,2388.03,8061.85,9.2673,0.02,335,2223,100.0,14.96,9.0318,151,100,Warning
18,211,20.0019,0.7007,100.0,491.19,607.17,1480.67,1248.16,9.35,13.61,334.86,2323.9,8730.54,1.08,44.33,315.28,2388.11,8069.77,9.1635,0.02,364,2324,100.0,24.7,14.7218,343,132,Healthy
19,164,42.0024,0.8401,100.0,445.0,550.49,1362.43,1141.96,3.91,5.71,138.58,2211.58,8305.09,1.02,42.25,130.24,2387.62,8075.03,9.457,0.02,332,2212,100.0,10.53,6.3748,210,46,Critical
20,146,25.0044,0.6212,60.0,462.54,537.16,1254.28,1057.87,7.05,9.03,175.86,1915.39,8021.63,0.94,36.91,165.37,2028.29,7883.19,10.9075,0.02,308,1915,84.93,14.34,8.5074,245,99,Warning
21,76,42.0042,0.84,100.0,445.0,548.65,1348.24,1119.07,3.91,5.7,139.18,2212.03,8332.03,1.02,41.94,131.2,2388.06,8086.55,9.281,0.02,328,2212,100.0,10.76,6.2603,227,151,Healthy
22,133,24.9997,0.62,60.0,462.54,536.49,1261.53,1045.76,7.05,9.03,175.18,1915.54,8016.66,0.94,36.74,164.47,2028.57,7882.84,10.888,0.02,307,1915,84.93,14.27,8.6714,211,78,Warning
23,195,41.9986,0.84,100.0,445.0,549.86,1356.5,1125.15,3.91,5.72,138.47,2212.0,8326.34,1.02,42.22,130.11,2388.03,8093.61,9.3568,0.02,332,2212,100.0,10.58,6.3905,280,85,Warning
24,144,35.0079,0.8419,100.0,449.44,556.21,1368.14,1130.68,5.48,8.0,194.24,2222.91,8349.07,1.02,42.08,182.75,2387.92,8066.67,9.3438,0.02,333,2223,100.0,14.95,8.8464,186,42,Critical
25,23,41.999,0.84,100.0,445.0,549.6,1356.41,1114.49,3.91,5.72,139.28,2211.79,8314.19,1.02,42.08,130.91,2387.94,8087.33,9.3875,0.02,330,2212,100.0,10.57,6.3842,150,127,Healthy
26,78,20.0009,0.7,100.0,491.19,607.57,1492.26,1256.94,9.35,13.66,335.37,2324.0,8725.4,1.08,44.3,315.21,2388.13,8062.38,9.2258,0.02,367,2324,100.0,24.43,14.675,297,219,Healthy
27,68,25.0062,0.6218,60.0,462.54,536.64,1263.78,1048.4,7.05,9.03,174.83,1915.19,8003.85,0.94,36.89,164.84,2028.1,7867.13,10.8911,0.02,308,1915,84.93,14.38,8.6803,163,95,Warning
28,156,10.0079,0.2514,100.0,489.05,604.76,1501.53,1310.49,10.52,15.49,394.51,2319.03,8766.44,1.26,45.67,371.66,2388.23,8116.59,8.6749,0.03,369,2319,100.0,28.38,17.1246,202,46,Critical
29,148,10.0033,0.2514,100.0,489.05,605.3,1501.19,1316.75,10.52,15.49,393.9,2319.04,8763.4,1.26,45.59,370.54,2388.24,8122.2,8.691,0.03,371,2319,100.0,28.54,17.1164,247,99,Warning
30,258,10.0071,0.25,100.0,489.05,604.81,1500.68,1316.8,10.52,15.49,393.55,2319.0,8844.96,1.26,45.54,371.73,2388.18,8184.67,8.6667,0.03,371,2319,100.0,28.52,17.1502,297,39,Critical
31,262,10.0048,0.25,100.0,489.05,606.26,1509.54,1333.53,10.52,15.5,392.87,2319.19,8798.97,1.26,46.08,370.49,2388.38,8147.53,8.7213,0.03,372,2319,100.0,28.33,16.9967,263,1,Critical
32,37,42.0017,0.84,100.0,445.0,549.69,1350.48,1118.51,3.91,5.72,139.31,2211.92,8324.26,1.02,41.93,130.81,2388.07,8085.98,9.3501,0.02,331,2212,100.0,10.58,6.3423,219,182,Healthy
33,201,42.002,0.84,100.0,445.0,550.79,1366.2,1146.77,3.91,5.72,138.09,2212.67,8379.77,1.03,42.65,130.02,2388.84,8126.96,9.4455,0.02,333,2212,100.0,10.61,6.3201,201,0,Critical
34,2,20.0026,0.7,100.0,491.19,607.36,1475.58,1252.99,9.35,13.65,334.64,2323.91,8707.9,1.07,44.47,315.34,2388.02,8051.1,9.2353,0.02,366,2324,100.0,24.29,14.6617,276,274,Healthy
35,12,20.0048,0.7017,100.0,491.19,607.01,1483.76,1244.31,9.35,13.65,336.67,2324.01,8725.44,1.08,44.23,316.87,2388.16,8061.2,9.1294,0.02,365,2324,100.0,24.64,14.798,221,209,Healthy
36,143,9.9984,0.25,100.0,489.05,605.43,1512.82,1333.67,10.52,15.5,392.85,2319.19,8780.41,1.26,46.19,370.52,2388.39,8120.22,8.7173,0.03,373,2319,100.0,28.24,16.8375,143,0,Critical
37,163,41.9994,0.8404,100.0,445.0,549.15,1347.29,1115.37,3.91,5.69,138.66,2211.93,8317.69,1.01,41.71,129.72,2388.08,8077.45,9.3399,0.02,328,2212,100.0,10.57,6.4432,388,225,Healthy
38,65,20.0016,0.7006,100.0,491.19,607.69,1484.21,1253.94,9.35,13.66,334.35,2324.02,8715.78,1.08,44.42,315.02,2388.1,8049.52,9.2308,0.02,365,2324,100.0,24.35,14.6445,177,112,Warning
39,184,9.9985,0.25,100.0,489.05,605.07,1502.45,1312.76,10.52,15.48,400.75,2319.18,8817.62,1.27,45.45,377.38,2388.44,8156.24,8.4967,0.03,372,2319,100.0,28.9,17.3529,202,18,Critical
40,135,0.0027,0.0,100.0,518.67,642.69,1580.26,1409.69,14.62,21.61,553.2,2388.11,9061.11,1.3,47.7,521.21,2388.1,8134.88,8.4788,0.03,393,2388,100.0,38.91,23.2438,206,71,Warning
41,87,42.0048,0.841,100.0,445.0,549.98,1361.01,1121.38,3.91,5.72,138.7,2211.84,8324.11,1.02,42.41,130.53,2387.92,8080.63,9.4025,0.02,331,2212,100.0,10.52,6.3635,279,192,Healthy
42,25,0.002,0.0006,100.0,518.67,642.21,1583.41,1390.32,14.62,21.6,554.83,2388.0,9052.93,1.3,47.13,522.58,2387.96,8132.89,8.3575,0.03,390,2388,100.0,39.09,23.4937,280,255,Healthy
43,91,42.0048,0.8416,100.0,445.0,549.84,1350.74,1115.54,3.91,5.71,138.77,2211.96,8318.83,1.02,41.87,130.87,2388.07,8084.95,9.3201,0.02,329,2212,100.0,10.86,6.3857,223,132,Healthy
44,178,20.0029,0.7,100.0,491.19,607.58,1495.71,1257.37,9.35,13.66,333.67,2324.42,8784.7,1.08,44.48,314.59,2388.59,8118.01,9.2358,0.02,366,2324,100.0,24.34,14.645,203,25,Critical
45,69,0.0016,0.0,100.0,518.67,642.83,1591.4,1411.09,14.62,21.61,553.61,2388.12,9049.09,1.3,47.47,521.22,2388.14,8127.69,8.4375,0.03,394,2388,100.0,38.85,23.2587,177,108,Warning
46,49,25.0062,0.62,60.0,462.54,536.43,1253.48,1045.36,7.05,9.0,175.14,1915.33,8002.37,0.94,36.46,164.47,2028.21,7870.96,10.8374,0.02,306,1915,84.93,14.34,8.594,321,272,Healthy
47,368,41.9981,0.84,100.0,445.0,550.13,1365.32,1143.17,3.91,5.68,141.5,2212.45,8374.68,1.04,42.64,133.62,2388.62,8136.15,9.1441,0.02,332,2212,100.0,10.81,6.5692,375,7,Critical
48,134,20.0042,0.7,100.0,491.19,606.73,1469.11,1240.26,9.35,13.58,331.78,2323.64,8702.98,1.07,43.97,311.46,2387.73,8051.84,9.2566,0.02,362,2324,100.0,24.51,14.6732,322,188,Healthy
49,130,24.9993,0.6206,60.0,462.54,536.39,1261.38,1040.61,7.05,9.01,175.32,1915.38,8001.76,0.94,36.49,164.79,2028.26,7873.07,10.8752,0.02,305,1915,84.93,14.33,8.5343,446,316,Healthy
50,169,19.9991,0.7,100.0,491.19,607.97,1496.19,1265.42,9.35,13.65,343.31,2324.75,8786.43,1.1,44.75,323.67,2388.93,8115.3,9.0035,0.03,369,2324,100.0,24.84,15.0505,172,3,Critical
51,236,35.0058,0.8408,100.0,449.44,555.33,1370.49,1125.52,5.48,7.98,196.69,2223.22,8363.24,1.03,42.03,185.08,2388.4,8093.05,9.1692,0.02,334,2223,100.0,14.94,9.1285,285,49,Critical
52,350,34.9997,0.8403,100.0,449.44,555.77,1371.87,1141.66,5.48,7.97,200.13,2223.72,8407.17,1.05,42.32,187.24,2388.85,8122.79,9.0697,0.02,336,2223,100.0,14.91,9.0724,357,7,Critical
53,51,0.0007,0.0006,100.0,518.67,642.25,1581.44,1401.82,14.62,21.58,550.87,2387.45,9037.88,1.29,47.26,519.41,2387.43,8123.56,8.4778,0.03,390,2388,100.0,38.84,23.234,304,253,Healthy
54,140,20.0079,0.7017,100.0,491.19,607.47,1485.36,1242.38,9.35,13.62,335.62,2323.93,8717.3,1.08,44.14,315.9,2388.05,8057.62,9.175,0.02,365,2324,100.0,24.72,14.6703,197,57,Critical
55,187,42.0032,0.8403,100.0,445.0,549.37,1349.21,1123.67,3.91,5.71,138.8,2212.13,8331.92,1.02,42.08,130.94,2388.23,8097.69,9.3453,0.02,329,2212,100.0,10.59,6.3387,344,157,Healthy
56,103,0.0006,0.0016,100.0,518.67,643.14,1590.13,1396.62,14.62,21.61,553.33,2388.11,9046.84,1.3,47.56,521.26,2388.08,8125.85,8.4427,0.03,393,2388,100.0,38.94,23.3227,347,244,Healthy
57,59,42.0044,0.8412,100.0,445.0,549.61,1355.77,1123.42,3.91,5.72,138.04,2211.9,8314.3,1.02,42.33,130.58,2387.91,8086.66,9.3941,0.02,331,2212,100.0,10.44,6.3515,193,134,Healthy
58,54,20.0001,0.7008,100.0,491.19,607.48,1485.87,1239.0,9.35,13.62,334.76,2323.8,8715.18,1.07,44.02,314.27,2387.93,8061.4,9.2089,0.02,363,2324,100.0,24.46,14.7761,281,227,Healthy
59,109,10.0029,0.2515,100.0,489.05,604.47,1500.31,1310.93,10.52,15.49,394.25,2318.93,8771.14,1.26,45.43,371.76,2388.17,8128.56,8.6579,0.03,369,2319,100.0,28.35,17.2276,177,68,Warning
60,84,42.0066,0.84,100.0,445.0,549.79,1347.75,1128.33,3.91,5.72,138.83,2211.91,8316.15,1.02,42.18,130.63,2388.02,8089.08,9.3829,0.02,328,2212,100.0,10.48,6.3781,218,134,Healthy
61,133,10.0051,0.25,100.0,489.05,604.75,1492.92,1300.84,10.52,15.49,394.7,2318.82,8796.18,1.26,45.19,371.5,2388.01,8145.65,8.6406,0.03,368,2319,100.0,28.79,17.2395,244,111,Warning
62,240,35.0053,0.8406,100.0,449.44,555.07,1369.54,1133.15,5.48,7.99,196.96,2223.28,8375.07,1.03,41.91,185.45,2388.38,8086.59,9.1638,0.02,336,2223,100.0,15.07,9.0279,297,57,Critical
63,138,0.0019,0.0013,100.0,518.67,642.36,1599.1,1410.98,14.62,21.61,552.77,2388.03,9105.1,1.3,47.65,521.22,2388.07,8172.71,8.4681,0.03,392,2388,100.0,38.75,23.2923,170,32,Critical
64,99,41.9998,0.8415,100.0,445.0,549.34,1360.26,1121.31,3.91,5.72,138.8,2212.09,8326.56,1.02,42.23,130.57,2388.21,8094.92,9.3755,0.02,331,2212,100.0,10.64,6.4027,184,85,Warning
65,195,0.0021,0.0,100.0,518.67,642.16,1585.26,1398.81,14.62,21.6,557.25,2388.09,9060.71,1.3,47.38,524.74,2388.08,8142.44,8.3809,0.03,392,2388,100.0,39.35,23.5883,351,156,Healthy
66,101,9.9993,0.25,100.0,489.05,604.23,1499.85,1297.02,10.52,15.47,395.04,2318.82,8776.26,1.26,45.13,371.8,2388.01,8134.27,8.5898,0.03,368,2319,100.0,28.53,17.3289,175,74,Warning
67,12,35.0008,0.8411,100.0,449.44,555.46,1363.27,1127.27,5.48,8.0,194.35,2222.91,8340.5,1.02,41.86,182.67,2387.95,8060.82,9.3306,0.02,333,2223,100.0,14.76,8.8647,167,155,Healthy
68,140,42.0037,0.84,100.0,445.0,549.97,1367.63,1137.36,3.91,5.72,138.96,2212.78,8370.62,1.02,42.32,130.81,2388.93,8136.12,9.3895,0.02,334,2212,100.0,10.46,6.4101,163,23,Critical
69,165,42.001,0.84,100.0,445.0,549.09,1355.84,1118.21,3.91,5.69,139.05,2212.01,8324.67,1.02,41.73,131.15,2388.15,8088.7,9.3007,0.02,329,2212,100.0,10.74,6.3015,226,61,Warning
70,21,19.9984,0.701,100.0,491.19,607.08,1482.12,1243.84,9.35,13.65,335.08,2323.93,8735.91,1.08,44.02,315.61,2388.08,8071.02,9.2321,0.02,364,2324,100.0,24.5,14.8374,185,164,Healthy
71,108,41.9997,0.84,100.0,445.0,549.62,1358.95,1119.85,3.91,5.71,140.46,2212.06,8326.76,1.03,42.15,132.16,2388.17,8098.23,9.2425,0.02,330,2212,100.0,10.56,6.4237,312,204,Healthy
72,134,25.0068,0.62,60.0,462.54,536.28,1262.08,1045.22,7.05,9.02,175.86,1915.32,8008.29,0.94,36.47,165.04,2028.18,7870.99,10.8696,0.02,306,1915,84.93,14.42,8.6289,308,174,Healthy
73,2,42.0033,0.84,100.0,445.0,549.74,1360.73,1130.21,3.91,5.71,138.97,2211.7,8311.02,1.02,42.19,130.98,2387.73,8077.92,9.354,0.02,331,2212,100.0,10.6,6.3887,181,179,Healthy
74,45,10.0047,0.2515,100.0,489.05,604.21,1491.57,1301.69,10.52,15.49,394.75,2318.82,8775.08,1.26,45.04,372.17,2388.05,8128.86,8.6274,0.03,367,2319,100.0,28.69,17.1871,244,199,Healthy
75,196,35.0061,0.84,100.0,449.44,556.04,1371.02,1143.9,5.48,8.0,194.35,2223.6,8392.73,1.02,42.17,182.92,2388.72,8099.21,9.3797,0.02,335,2223,100.0,14.78,8.8566,230,34,Critical
76,96,19.9992,0.7,100.0,491.19,607.4,1485.81,1256.95,9.35,13.66,334.87,2323.93,8720.27,1.08,44.51,315.3,2388.12,8053.16,9.2441,0.02,367,2324,100.0,24.39,14.7702,152,56,Critical
77,21,0.002,0.0,100.0,518.67,642.87,1585.46,1396.77,14.62,21.61,553.46,2388.07,9051.8,1.3,47.56,521.78,2388.01,8129.72,8.4427,0.03,392,2388,100.0,38.83,23.4167,148,127,Healthy
78,212,20.0027,0.7013,100.0,491.19,607.64,1489.4,1248.69,9.35,13.63,338.38,2324.22,8748.27,1.08,44.28,318.95,2388.37,8078.32,9.127,0.02,366,2324,100.0,24.64,14.8149,250,38,Critical
79,67,41.9994,0.84,100.0,445.0,549.27,1347.33,1118.01,3.91,5.7,138.68,2211.96,8308.89,1.02,41.77,129.83,2388.04,8081.56,9.3018,0.02,328,2212,100.0,10.5,6.393,218,151,Healthy
80,22,25.004,0.6214,60.0,462.54,536.88,1258.14,1039.51,7.05,9.01,175.09,1915.32,8007.74,0.94,36.5,164.4,2028.21,7872.32,10.8576,0.02,306,1915,84.93,14.38,8.5544,305,283,Healthy
81,145,24.9996,0.622,60.0,462.54,537.01,1262.6,1058.93,7.05,9.03,175.73,1915.76,8036.26,0.94,36.83,164.59,2028.72,7896.13,10.9497,0.02,308,1915,84.93,14.49,8.4312,187,42,Critical
82,133,42.0063,0.84,100.0,445.0,549.8,1356.55,1134.77,3.91,5.72,138.84,2211.98,8326.15,1.02,42.21,130.75,2388.14,8090.56,9.4074,0.02,333,2212,100.0,10.7,6.3759,197,64,Warning
83,66,20.0001,0.7008,100.0,491.19,607.34,1478.1,1249.06,9.35,13.66,335.52,2323.98,8721.03,1.08,44.2,315.39,2388.04,8058.51,9.1676,0.02,364,2324,100.0,24.69,14.7169,184,118,Warning
84,30,0.0002,0.0005,100.0,518.67,642.29,1577.73,1403.47,14.62,21.61,553.44,2388.05,9053.46,1.3,47.23,522.18,2388.08,8137.18,8.4238,0.03,391,2388,100.0,38.78,23.4692,159,129,Healthy
85,154,35.0028,0.84,100.0,449.44,555.9,1375.28,1134.83,5.48,8.0,194.4,2222.98,8362.57,1.02,41.94,182.73,2388.09,8070.91,9.3254,0.02,334,2223,100.0,14.89,8.9513,277,123,Healthy
86,19,0.0028,0.0,100.0,518.67,642.86,1598.6,1405.98,14.62,21.61,553.54,2388.14,9055.0,1.3,47.42,521.08,2388.06,8138.23,8.4131,0.03,391,2388,100.0,38.95,23.3342,232,213,Healthy
87,32,10.0034,0.25,100.0,489.05,604.96,1498.9,1302.36,10.52,15.49,396.64,2318.92,8789.19,1.26,45.08,373.72,2388.14,8133.27,8.594,0.03,367,2319,100.0,28.83,17.2762,259,227,Healthy
88,273,20.0016,0.7015,100.0,491.19,607.03,1481.37,1248.54,9.35,13.6,333.98,2323.87,8724.04,1.08,44.23,315.11,2388.03,8064.79,9.1404,0.02,364,2324,100.0,24.5,14.7662,388,115,Warning
89,28,0.0008,0.0009,100.0,518.67,642.77,1583.3,1403.43,14.62,21.61,553.61,2388.08,9058.4,1.3,47.3,521.97,2388.06,8135.31,8.412,0.03,394,2388,100.0,38.84,23.3197,168,140,Healthy
90,198,20.0006,0.7019,100.0,491.19,608.19,1491.53,1268.06,9.35,13.66,333.74,2324.41,8781.46,1.08,44.83,314.4,2388.56,8109.49,9.3227,0.03,368,2324,100.0,24.37,14.5504,212,14,Critical
91,156,0.0013,0.002,100.0,518.67,641.65,1582.09,1396.19,14.62,21.6,554.98,2388.02,9057.12,1.3,47.02,523.21,2388.04,8145.13,8.3845,0.03,391,2388,100.0,38.98,23.582,354,198,Healthy
92,15,34.9994,0.8401,100.0,449.44,555.69,1371.83,1126.59,5.48,8.0,194.48,2222.95,8351.38,1.02,42.08,182.98,2388.05,8065.01,9.3288,0.02,334,2223,100.0,14.87,8.9214,191,176,Healthy
93,12,0.0004,0.0,100.0,518.67,643.01,1595.25,1408.29,14.62,21.61,553.98,2388.12,9068.21,1.3,47.53,521.54,2388.07,8138.64,8.4544,0.03,393,2388,100.0,38.6,23.2171,196,184,Healthy
94,220,35.0032,0.8402,100.0,449.44,556.06,1373.39,1136.86,5.48,8.0,198.62,2223.36,8383.93,1.04,42.13,187.32,2388.55,8100.41,9.1476,0.02,335,2223,100.0,15.03,9.0709,249,29,Critical
95,210,0.0014,0.0,100.0,518.67,643.05,1597.86,1407.33,14.62,21.59,561.68,2388.26,9079.79,1.31,47.73,528.51,2388.23,8165.06,8.28,0.03,394,2388,100.0,39.47,23.6475,239,29,Critical
96,115,42.0071,0.84,100.0,445.0,549.21,1343.58,1109.32,3.91,5.71,138.84,2211.93,8318.46,1.02,41.61,130.48,2388.06,8082.04,9.3476,0.02,329,2212,100.0,10.52,6.3035,270,155,Healthy
97,179,0.0015,0.0,100.0,518.67,642.58,1591.31,1404.54,14.62,21.6,559.03,2388.15,9077.98,1.3,47.29,526.55,2388.18,8149.97,8.3254,0.03,392,2388,100.0,39.12,23.5848,262,83,Warning
98,235,25.0005,0.62,60.0,462.54,537.42,1272.0,1055.79,7.05,9.03,176.12,1916.58,8079.98,0.94,37.03,164.05,2029.55,7936.38,11.0027,0.02,309,1915,84.93,14.16,8.498,245,10,Critical
99,71,42.0068,0.8419,100.0,445.0,549.3,1352.5,1125.15,3.91,5.72,138.58,2211.82,8320.8,1.02,42.24,130.44,2387.9,8078.97,9.3821,0.02,330,2212,100.0,10.52,6.4731,167,96,Warning
100,149,10.0052,0.2502,100.0,489.05,603.93,1490.28,1294.09,10.52,15.46,395.51,2318.79,8781.15,1.26,45.22,372.45,2388.03,8131.83,8.5978,0.03,368,2319,100.0,28.83,17.2246,261,112,Warning
101,210,35.0052,0.84,100.0,449.44,555.83,1369.21,1138.79,5.48,8.0,193.94,2222.83,8335.04,1.02,42.12,182.34,2387.85,8060.77,9.3176,0.02,334,2223,100.0,14.9,8.8858,260,50,Critical
102,106,10.0027,0.25,100.0,489.05,604.94,1502.34,1315.01,10.52,15.49,394.34,2319.02,8776.71,1.26,45.75,371.72,2388.23,8122.02,8.6879,0.03,368,2319,100.0,28.46,17.1098,194,88,Warning
103,197,25.0032,0.62,60.0,462.54,537.36,1272.31,1057.41,7.05,9.03,174.01,1915.21,8008.36,0.94,37.05,164.08,2028.15,7880.07,10.9802,0.02,310,1915,84.93,14.29,8.5559,224,27,Critical
104,136,25.0015,0.6201,60.0,462.54,536.4,1258.94,1049.64,7.05,9.0,175.55,1915.41,8007.41,0.94,36.4,164.98,2028.29,7874.38,10.8154,0.02,306,1915,84.93,14.37,8.5232,203,67,Warning
105,120,10.0017,0.25,100.0,489.05,605.1,1495.73,1310.85,10.52,15.49,394.43,2318.93,8786.2,1.26,45.41,371.43,2388.1,8139.19,8.7019,0.03,370,2319,100.0,28.49,17.1401,170,50,Critical
106,250,0.0,0.0,100.0,518.67,643.6,1601.74,1422.52,14.62,21.61,552.04,2388.14,9109.81,1.3,47.7,520.62,2388.08,8181.04,8.5218,0.03,394,2388,100.0,38.53,23.2371,266,16,Critical
107,97,35.0029,0.8414,100.0,449.44,555.55,1363.64,1123.54,5.48,8.0,195.49,2223.12,8357.39,1.02,41.84,183.37,2388.19,8074.55,9.3126,0.02,334,2223,100.0,14.64,8.9778,183,86,Warning
108,63,42.0067,0.84,100.0,445.0,549.28,1347.73,1120.65,3.91,5.71,139.28,2211.97,8330.64,1.03,41.75,131.48,2388.13,8090.92,9.2795,0.02,330,2212,100.0,10.76,6.3832,304,241,Healthy
109,221,10.0005,0.2505,100.0,489.05,604.66,1494.84,1304.91,10.52,15.47,396.8,2318.89,8789.65,1.26,45.43,373.08,2388.14,8137.07,8.5724,0.03,368,2319,100.0,28.7,17.3099,325,104,Warning
110,142,20.0014,0.7013,100.0,491.19,607.25,1488.42,1253.38,9.35,13.66,334.55,2324.07,8731.63,1.08,44.55,315.06,2388.19,8068.87,9.251,0.02,365,2324,100.0,24.29,14.6639,186,44,Critical
111,35,20.0044,0.7,100.0,491.19,606.51,1480.47,1240.58,9.35,13.65,335.27,2323.88,8718.1,1.08,43.99,315.45,2387.98,8061.21,9.1744,0.02,364,2324,100.0,24.81,14.7916,297,262,Healthy
112,198,42.0068,0.8401,100.0,445.0,549.39,1355.26,1125.52,3.91,5.71,138.08,2212.12,8330.64,1.02,42.12,130.42,2388.16,8092.24,9.3605,0.02,332,2212,100.0,10.58,6.3008,340,142,Healthy
113,14,25.0009,0.62,60.0,462.54,536.91,1259.56,1047.15,7.05,9.03,174.91,1915.38,8013.33,0.94,36.75,165.07,2028.26,7875.36,10.9231,0.02,305,1915,84.93,14.34,8.5806,184,170,Healthy
114,100,42.006,0.84,100.0,445.0,549.51,1350.24,1124.05,3.91,5.71,139.6,2212.04,8320.37,1.03,41.94,131.28,2388.13,8094.62,9.2644,0.02,329,2212,100.0,10.67,6.4385,161,61,Warning
115,124,42.0001,0.84,100.0,445.0,550.48,1358.82,1136.45,3.91,5.71,138.26,2211.11,8287.59,1.02,42.68,129.88,2387.15,8053.08,9.4638,0.02,332,2212,100.0,10.49,6.2573,131,7,Critical
116,178,41.9981,0.841,100.0,445.0,548.81,1341.5,1110.45,3.91,5.69,137.71,2211.97,8305.56,1.01,41.75,129.86,2388.13,8078.24,9.3505,0.02,329,2212,100.0,10.65,6.3648,344,166,Healthy
117,226,9.9986,0.2515,100.0,489.05,605.13,1499.66,1307.61,10.52,15.47,396.97,2318.99,8793.32,1.26,45.37,374.51,2388.18,8143.68,8.5757,0.03,369,2319,100.0,28.75,17.2167,342,116,Warning
118,515,0.003,0.0,100.0,518.67,643.16,1595.25,1418.69,14.62,21.58,565.74,2388.39,9104.11,1.31,47.99,532.43,2388.43,8177.61,8.2727,0.03,396,2388,100.0,39.5,23.6641,543,28,Critical
119,183,25.0058,0.6216,60.0,462.54,537.34,1274.58,1063.74,7.05,9.03,175.3,1915.72,8043.13,0.94,37.35,164.03,2028.71,7895.45,11.0224,0.02,309,1915,84.93,14.12,8.573,187,4,Critical
120,16,10.0046,0.25,100.0,489.05,604.72,1497.13,1302.62,10.52,15.49,395.82,2318.86,8784.7,1.26,45.14,372.11,2388.06,8130.37,8.655,0.03,369,2319,100.0,28.6,17.2479,177,161,Healthy
121,9,42.0077,0.8407,100.0,445.0,549.21,1350.56,1121.6,3.91,5.72,138.11,2211.89,8317.5,1.02,41.98,130.4,2387.91,8083.39,9.3364,0.02,330,2212,100.0,10.56,6.4127,194,185,Healthy
122,48,20.0059,0.7008,100.0,491.19,607.01,1486.14,1243.91,9.35,13.65,335.68,2323.91,8721.65,1.08,44.18,315.07,2388.04,8056.6,9.2075,0.02,365,2324,100.0,24.28,14.7862,174,126,Healthy
123,176,34.9992,0.84,100.0,449.44,555.99,1369.27,1137.44,5.48,8.0,194.45,2223.28,8370.09,1.02,42.18,182.77,2388.43,8086.01,9.3868,0.02,334,2223,100.0,14.84,8.7945,226,50,Critical
124,50,0.0023,0.0,100.0,518.67,642.3,1584.51,1407.03,14.62,21.61,553.47,2388.08,9046.47,1.3,47.63,521.69,2388.13,8133.81,8.4824,0.03,393,2388,100.0,38.79,23.2538,170,120,Warning
125,211,25.0066,0.62,60.0,462.54,537.13,1260.95,1054.72,7.05,9.02,178.36,1915.59,8027.49,0.94,36.63,166.92,2028.52,7897.64,10.7541,0.02,306,1915,84.93,14.56,8.7065,239,28,Critical
126,35,25.0045,0.62,60.0,462.54,536.33,1250.54,1040.73,7.05,9.0,175.63,1915.32,7998.89,0.94,36.61,163.61,2028.14,7870.2,10.86,0.02,305,1915,84.93,13.98,8.5805,302,267,Healthy
127,85,20.008,0.7012,100.0,491.19,606.92,1479.73,1240.64,9.35,13.64,334.21,2323.85,8721.05,1.08,44.01,314.69,2387.97,8055.79,9.1811,0.02,363,2324,100.0,24.52,14.6446,235,150,Healthy
128,39,20.0031,0.7,100.0,491.19,607.13,1483.18,1251.05,9.35,13.65,337.23,2324.08,8726.74,1.08,44.19,317.28,2388.18,8066.84,9.1084,0.02,363,2324,100.0,24.9,14.7117,248,209,Healthy
129,116,20.0008,0.7,100.0,491.19,607.32,1482.74,1245.33,9.35,13.66,334.42,2323.97,8726.73,1.08,44.35,315.12,2388.17,8058.91,9.254,0.02,364,2324,100.0,24.28,14.5581,190,74,Warning
130,46,25.0025,0.62,60.0,462.54,536.02,1261.39,1037.61,7.05,9.03,175.19,1915.51,8014.53,0.94,36.52,164.6,2028.42,7882.84,10.8538,0.02,305,1915,84.93,14.1,8.7281,166,120,Warning
131,344,25.0073,0.62,60.0,462.54,536.47,1266.3,1045.47,7.05,9.0,178.08,1915.78,8040.33,0.94,36.97,167.27,2028.65,7893.17,10.67,0.02,307,1915,84.93,14.43,8.7024,370,26,Critical
132,43,35.0055,0.8403,100.0,449.44,555.38,1358.71,1122.24,5.48,7.97,193.2,2222.79,8332.11,1.02,41.45,181.95,2387.9,8057.47,9.3166,0.02,330,2223,100.0,14.73,8.7964,254,211,Healthy
133,59,34.9984,0.8418,100.0,449.44,555.47,1350.36,1116.01,5.48,7.97,192.84,2222.76,8336.57,1.02,41.68,181.81,2387.88,8056.97,9.3055,0.02,332,2223,100.0,14.9,8.8694,489,430,Healthy
134,152,20.0029,0.7,100.0,491.19,607.09,1482.52,1242.77,9.35,13.66,334.64,2323.98,8734.05,1.08,44.35,315.51,2388.17,8072.84,9.2118,0.02,363,2324,100.0,24.42,14.7179,247,95,Warning
135,147,25.0005,0.62,60.0,462.54,537.89,1270.73,1067.23,7.05,9.03,174.87,1915.02,8003.88,0.94,37.33,164.38,2027.91,7863.91,10.9973,0.02,308,1915,84.93,14.14,8.4888,149,2,Critical
136,165,24.9995,0.6217,60.0,462.54,536.53,1256.83,1045.87,7.05,9.0,175.77,1915.46,8009.18,0.94,36.72,165.96,2028.36,7881.92,10.8053,0.02,307,1915,84.93,14.33,8.5819,205,40,Critical
137,30,35.0019,0.8411,100.0,449.44,555.38,1365.46,1120.83,5.48,8.0,194.12,2222.9,8359.02,1.02,41.64,183.02,2388.02,8063.89,9.2961,0.02,335,2223,100.0,14.85,8.8178,225,195,Healthy
138,177,25.0049,0.62,60.0,462.54,536.98,1269.07,1063.17,7.05,9.03,174.54,1915.28,8009.34,0.94,37.34,163.91,2028.18,7877.19,10.998,0.02,309,1915,84.93,13.94,8.4779,178,1,Critical
139,182,42.0024,0.84,100.0,445.0,549.83,1358.46,1131.83,3.91,5.72,138.52,2212.44,8353.15,1.02,42.08,130.92,2388.52,8116.4,9.3067,0.02,331,2212,100.0,10.49,6.3189,251,69,Warning
140,287,20.0045,0.701,100.0,491.19,607.74,1496.38,1265.66,9.35,13.65,342.5,2324.68,8778.04,1.1,44.91,322.96,2388.82,8102.86,9.0247,0.03,368,2324,100.0,25.05,15.0325,298,11,Critical
141,52,35.0046,0.84,100.0,449.44,555.84,1368.4,1129.18,5.48,8.0,194.39,2222.89,8354.22,1.02,41.95,183.02,2387.96,8063.14,9.3402,0.02,334,2223,100.0,14.81,8.8739,199,147,Healthy
142,7,41.9999,0.84,100.0,445.0,548.76,1344.03,1119.35,3.91,5.71,139.18,2211.93,8322.85,1.02,41.82,131.1,2388.11,8086.57,9.3194,0.02,330,2212,100.0,10.57,6.3793,209,202,Healthy
143,123,42.007,0.84,100.0,445.0,549.92,1354.88,1129.41,3.91,5.72,139.02,2211.86,8317.04,1.02,42.05,130.34,2387.93,8085.38,9.3355,0.02,331,2212,100.0,10.61,6.2954,184,61,Warning
144,194,0.002,0.0,100.0,518.67,641.94,1591.28,1404.97,14.62,21.6,557.97,2388.12,9073.95,1.3,47.5,526.41,2388.12,8148.98,8.3139,0.03,391,2388,100.0,39.2,23.5993,297,103,Warning
145,107,41.9997,0.84,100.0,445.0,549.13,1352.53,1122.99,3.91,5.71,139.21,2212.19,8337.46,1.02,42.07,130.65,2388.26,8101.33,9.3349,0.02,330,2212,100.0,10.75,6.4311,228,121,Healthy
146,206,9.9984,0.25,100.0,489.05,604.46,1500.11,1302.17,10.52,15.49,393.65,2318.95,8786.05,1.26,45.3,371.99,2388.11,8130.99,8.6798,0.03,370,2319,100.0,28.83,17.0874,303,97,Warning
147,219,20.0077,0.701,100.0,491.19,608.04,1489.24,1273.14,9.35,13.66,333.47,2324.09,8723.51,1.08,45.05,314.41,2388.19,8061.0,9.3018,0.03,368,2324,100.0,24.34,14.5126,234,15,Critical
148,54,25.0063,0.62,60.0,462.54,536.1,1254.94,1035.37,7.05,9.0,174.36,1915.29,7999.18,0.94,36.36,163.96,2028.13,7866.56,10.8863,0.02,305,1915,84.93,14.46,8.5814,193,139,Healthy
149,135,20.0063,0.7,100.0,491.19,606.79,1485.4,1247.85,9.35,13.64,336.86,2324.01,8731.75,1.08,44.16,317.02,2388.16,8072.93,9.1527,0.02,364,2324,100.0,24.62,14.8469,261,126,Healthy
150,132,10.0071,0.25,100.0,489.05,605.55,1504.42,1316.96,10.52,15.5,393.31,2319.08,8766.14,1.26,45.84,370.52,2388.32,8117.33,8.7248,0.03,372,2319,100.0,28.51,16.9901,149,17,Critical
151,328,25.0068,0.62,60.0,462.54,536.8,1271.97,1047.86,7.05,8.99,177.27,1915.68,8036.36,0.94,36.89,166.97,2028.62,7891.46,10.7132,0.02,308,1915,84.93,14.45,8.7169,351,23,Critical
152,21,10.0063,0.25,100.0,489.05,604.59,1495.17,1304.31,10.52,15.49,395.19,2318.83,8791.91,1.26,45.16,371.99,2388.07,8139.11,8.6196,0.03,368,2319,100.0,28.65,17.1944,262,241,Healthy
153,19,20.0015,0.7,100.0,491.19,607.06,1479.79,1254.65,9.35,13.65,334.83,2324.03,8732.69,1.08,44.1,314.82,2388.08,8064.91,9.2129,0.02,367,2324,100.0,24.61,14.668,168,149,Healthy
154,130,0.0022,0.0004,100.0,518.67,641.66,1579.56,1402.18,14.62,21.58,554.91,2388.04,9045.71,1.3,46.9,523.14,2387.99,8143.43,8.3747,0.03,392,2388,100.0,39.16,23.4004,203,73,Warning
155,6,41.9981,0.84,100.0,445.0,548.77,1346.65,1120.69,3.91,5.7,137.93,2211.94,8307.8,1.02,41.61,130.52,2388.04,8076.14,9.3295,0.02,329,2212,100.0,10.5,6.3354,295,289,Healthy
156,60,42.0022,0.8414,100.0,445.0,549.48,1353.89,1113.49,3.91,5.71,138.46,2211.67,8308.67,1.02,42.03,130.46,2387.77,8068.03,9.3558,0.02,330,2212,100.0,10.55,6.3149,139,79,Warning
157,157,35.0056,0.84,100.0,449.44,554.86,1355.53,1120.52,5.48,7.96,193.18,2222.74,8339.33,1.01,41.43,181.47,2387.91,8059.72,9.3514,0.02,332,2223,100.0,15.06,8.7913,298,141,Healthy
158,333,42.0011,0.8413,100.0,445.0,549.87,1359.82,1129.49,3.91,5.71,141.36,2212.19,8348.22,1.04,42.15,132.6,2388.37,8112.57,9.1908,0.02,330,2212,100.0,10.52,6.5221,399,66,Warning
159,205,34.9996,0.84,100.0,449.44,555.71,1366.33,1115.74,5.48,7.96,194.59,2222.93,8337.88,1.02,41.54,183.0,2388.03,8064.0,9.2518,0.02,332,2223,100.0,14.83,8.8594,288,83,Warning
160,132,0.0016,0.0015,100.0,518.67,642.38,1599.43,1400.39,14.62,21.61,553.05,2388.08,9051.05,1.3,47.59,521.58,2388.15,8137.7,8.4569,0.03,394,2388,100.0,38.61,23.2027,187,55,Critical
161,71,10.0078,0.2505,100.0,489.05,603.87,1496.09,1295.46,10.52,15.49,395.22,2318.8,8776.53,1.26,45.0,371.82,2388.02,8129.05,8.5967,0.03,369,2319,100.0,28.5,17.1695,303,232,Healthy
162,251,34.9983,0.84,100.0,449.44,555.62,1362.28,1122.79,5.48,7.96,194.9,2223.05,8355.69,1.03,42.02,183.38,2388.23,8082.18,9.2313,0.02,332,2223,100.0,14.93,9.0258,313,62,Warning
163,3,0.0013,0.0,100.0,518.67,642.12,1589.76,1401.75,14.62,21.6,558.12,2388.12,9060.98,1.3,47.41,525.32,2388.09,8148.07,8.3376,0.03,392,2388,100.0,39.13,23.4489,285,282,Healthy
164,55,20.0038,0.7009,100.0,491.19,606.71,1472.52,1237.37,9.35,13.61,333.14,2323.74,8707.48,1.07,43.89,313.2,2387.84,8050.19,9.2083,0.02,363,2324,100.0,24.28,14.7229,380,325,Healthy
165,4,25.0068,0.62,60.0,462.54,536.64,1257.75,1035.19,7.05,9.03,175.19,1915.46,8015.73,0.94,36.72,164.82,2028.38,7882.29,10.8717,0.02,305,1915,84.93,14.37,8.6518,255,251,Healthy
166,45,20.0029,0.7006,100.0,491.19,606.87,1484.05,1243.8,9.35,13.66,334.23,2323.99,8730.42,1.08,44.27,315.47,2388.14,8067.84,9.2016,0.02,364,2324,100.0,24.7,14.643,269,224,Healthy
167,197,20.0029,0.7017,100.0,491.19,607.87,1489.04,1253.15,9.35,13.66,334.51,2324.06,8733.01,1.08,44.52,314.87,2388.23,8069.91,9.2254,0.02,366,2324,100.0,24.53,14.6536,263,66,Warning
168,19,25.0001,0.6212,60.0,462.54,536.54,1256.61,1044.17,7.05,9.03,175.84,1915.46,8011.02,0.94,36.5,164.16,2028.36,7875.54,10.8732,0.02,307,1915,84.93,14.37,8.6004,196,177,Healthy
169,201,25.0003,0.62,60.0,462.54,537.31,1259.61,1048.84,7.05,9.0,176.71,1915.59,8023.14,0.94,36.63,166.54,2028.53,7890.36,10.7207,0.02,309,1915,84.93,14.45,8.7232,227,26,Critical
170,125,10.0043,0.2518,100.0,489.05,606.13,1507.26,1315.1,10.52,15.5,393.39,2319.0,8771.79,1.26,45.72,371.0,2388.19,8116.87,8.6836,0.03,371,2319,100.0,28.5,16.9595,161,36,Critical
171,383,0.0009,0.0,100.0,518.67,643.31,1606.29,1417.16,14.62,21.61,566.6,2388.49,9109.89,1.31,47.81,534.65,2388.54,8183.87,8.2755,0.03,396,2388,100.0,39.5,23.7166,399,16,Critical
172,155,34.9992,0.8418,100.0,449.44,555.87,1364.6,1135.22,5.48,8.0,194.02,2223.16,8361.88,1.02,42.17,182.99,2388.26,8083.01,9.335,0.02,334,2223,100.0,14.77,8.8403,273,118,Warning
173,79,10.0073,0.25,100.0,489.05,604.25,1493.41,1299.59,10.52,15.48,394.26,2318.7,8767.55,1.26,44.86,371.59,2387.89,8127.35,8.6425,0.03,367,2319,100.0,28.77,17.1923,457,378,Healthy
174,233,25.0013,0.6214,60.0,462.54,535.76,1258.36,1040.03,7.05,9.0,175.95,1915.4,8014.01,0.94,36.58,165.03,2028.29,7870.06,10.7963,0.02,306,1915,84.93,14.25,8.6081,370,137,Healthy
175,39,0.0021,0.0,100.0,518.67,642.72,1592.97,1402.99,14.62,21.61,553.0,2388.15,9043.24,1.3,47.77,520.9,2388.1,8117.78,8.4423,0.03,393,2388,100.0,38.85,23.2349,156,117,Warning
176,27,0.0001,0.0,100.0,518.67,642.58,1588.22,1397.1,14.62,21.61,554.3,2388.05,9049.09,1.3,47.19,521.86,2388.0,8138.91,8.4318,0.03,392,2388,100.0,38.88,23.4421,180,153,Healthy
177,206,20.0051,0.7004,100.0,491.19,607.97,1491.14,1259.23,9.35,13.66,333.99,2324.2,8752.73,1.08,44.88,314.17,2388.37,8085.3,9.2838,0.03,365,2324,100.0,24.36,14.6553,242,36,Critical
178,77,35.005,0.841,100.0,449.44,555.64,1368.68,1130.38,5.48,8.0,194.11,2222.77,8342.14,1.02,42.07,182.75,2387.86,8056.57,9.3294,0.02,333,2223,100.0,14.79,8.7907,170,93,Warning
179,268,25.0045,0.62,60.0,462.54,536.79,1267.47,1041.2,7.05,9.01,175.53,1915.37,8008.32,0.94,36.41,164.69,2028.25,7873.71,10.8521,0.02,307,1915,84.93,14.24,8.5718,435,167,Healthy
180,131,42.0007,0.84,100.0,445.0,549.63,1345.44,1121.16,3.91,5.71,139.47,2212.0,8318.92,1.02,41.83,130.61,2388.01,8086.18,9.293,0.02,331,2212,100.0,10.69,6.4457,344,213,Healthy
181,46,25.004,0.62,60.0,462.54,536.71,1265.36,1045.47,7.05,9.03,175.76,1915.31,8010.93,0.94,36.75,164.7,2028.25,7874.97,10.9249,0.02,308,1915,84.93,14.23,8.6514,134,88,Warning
182,23,19.9984,0.7,100.0,491.19,607.57,1477.86,1241.63,9.35,13.65,334.8,2323.93,8719.74,1.08,44.31,315.49,2388.02,8059.88,9.1726,0.02,365,2324,100.0,24.45,14.7391,205,182,Healthy
183,114,0.0024,0.0,100.0,518.67,642.76,1592.29,1409.53,14.62,21.61,553.74,2388.08,9062.63,1.3,47.28,521.37,2388.1,8142.97,8.4276,0.03,394,2388,100.0,38.93,23.2717,190,76,Warning
184,223,42.006,0.8417,100.0,445.0,549.32,1344.69,1125.69,3.91,5.71,140.4,2212.09,8344.42,1.03,42.05,131.95,2388.11,8104.53,9.2691,0.02,329,2212,100.0,10.83,6.3479,379,156,Healthy
185,70,25.0044,0.62,60.0,462.54,536.53,1261.64,1031.4,7.05,9.01,176.13,1915.45,8015.18,0.94,36.59,165.06,2028.31,7874.99,10.8402,0.02,307,1915,84.93,14.52,8.5608,259,189,Healthy
186,26,42.0038,0.84,100.0,445.0,549.33,1351.62,1125.82,3.91,5.72,138.84,2211.93,8314.51,1.02,42.0,130.87,2388.04,8085.89,9.3382,0.02,332,2212,100.0,10.71,6.3706,163,137,Healthy
187,48,25.0053,0.62,60.0,462.54,535.64,1258.38,1046.6,7.05,9.01,175.49,1915.33,8005.95,0.94,36.32,164.19,2028.19,7873.59,10.8796,0.02,305,1915,84.93,14.25,8.6911,273,225,Healthy
188,141,0.0023,0.0014,100.0,518.67,642.93,1585.82,1410.18,14.62,21.61,553.14,2388.08,9053.6,1.3,47.61,521.23,2388.11,8138.01,8.4292,0.03,394,2388,100.0,38.9,23.2197,254,113,Warning
189,193,10.0044,0.25,100.0,489.05,605.78,1506.7,1330.75,10.52,15.5,394.27,2319.03,8776.78,1.26,46.05,370.22,2388.29,8129.92,8.6949,0.03,369,2319,100.0,28.47,17.0156,239,46,Critical
190,28,20.0063,0.7,100.0,491.19,606.75,1473.69,1234.42,9.35,13.6,331.87,2323.64,8704.7,1.07,43.87,312.22,2387.75,8047.47,9.241,0.02,361,2324,100.0,24.32,14.6676,381,353,Healthy
191,32,19.9999,0.7016,100.0,491.19,606.55,1474.84,1241.49,9.35,13.63,334.65,2323.83,8724.44,1.08,44.1,315.31,2388.05,8061.94,9.1942,0.02,364,2324,100.0,24.56,14.801,297,265,Healthy
192,167,42.0067,0.84,100.0,445.0,550.04,1359.14,1135.74,3.91,5.72,138.22,2212.1,8340.38,1.02,42.68,129.83,2388.19,8096.06,9.4403,0.02,332,2212,100.0,10.42,6.3139,190,23,Critical
193,100,9.9992,0.2504,100.0,489.05,604.8,1511.31,1313.89,10.52,15.49,394.13,2318.93,8782.75,1.26,45.48,371.28,2388.14,8124.94,8.6586,0.03,370,2319,100.0,28.43,17.1381,197,97,Warning
194,29,25.0062,0.62,60.0,462.54,536.55,1267.99,1043.23,7.05,9.03,175.73,1915.24,8005.72,0.94,36.59,164.35,2028.12,7869.79,10.9026,0.02,307,1915,84.93,14.38,8.6006,145,116,Warning
195,102,9.999,0.25,100.0,489.05,605.42,1502.23,1319.25,10.52,15.49,394.87,2319.01,8777.2,1.26,45.71,370.93,2388.2,8124.35,8.6772,0.03,370,2319,100.0,28.47,17.1004,159,57,Critical
196,13,35.0024,0.84,100.0,449.44,555.38,1360.87,1135.21,5.48,8.0,193.82,2223.11,8366.3,1.02,41.62,182.88,2388.27,8076.27,9.2947,0.02,333,2223,100.0,14.84,8.9128,174,161,Healthy
197,80,42.0045,0.841,100.0,445.0,549.79,1355.19,1132.92,3.91,5.71,138.85,2211.68,8318.71,1.02,42.13,130.35,2387.77,8082.94,9.3917,0.02,330,2212,100.0,10.51,6.3083,170,90,Warning
198,116,10.0039,0.25,100.0,489.05,604.19,1497.04,1308.55,10.52,15.49,398.99,2319.08,8795.72,1.26,45.34,375.99,2388.35,8156.68,8.557,0.03,369,2319,100.0,28.87,17.4492,164,48,Critical
199,51,20.0007,0.702,100.0,491.19,607.65,1482.81,1247.94,9.35,13.65,334.76,2323.91,8719.8,1.08,44.43,315.12,2388.02,8052.73,9.1873,0.02,364,2324,100.0,24.61,14.6066,176,125,Healthy
200,148,42.0012,0.8402,100.0,445.0,549.19,1351.07,1113.01,3.91,5.69,139.12,2212.05,8322.53,1.02,41.89,131.24,2388.14,8090.65,9.2866,0.02,329,2212,100.0,10.5,6.4157,225,77,Warning
201,15,20.002,0.7001,100.0,491.19,607.09,1480.26,1242.57,9.35,13.65,334.77,2324.01,8733.79,1.08,44.1,315.41,2388.09,8072.12,9.1772,0.02,363,2324,100.0,24.62,14.6324,378,363,Healthy
202,101,0.0026,0.0,100.0,518.67,642.06,1572.27,1397.04,14.62,21.59,555.25,2388.05,9055.07,1.3,46.96,523.26,2388.08,8141.67,8.3588,0.03,392,2388,100.0,39.13,23.4763,241,140,Healthy
203,118,10.0027,0.251,100.0,489.05,603.93,1493.31,1297.18,10.52,15.48,397.05,2318.93,8790.35,1.26,45.2,374.18,2388.19,8140.53,8.5668,0.03,368,2319,100.0,28.63,17.3135,324,206,Healthy
204,15,25.001,0.62,60.0,462.54,537.28,1254.87,1048.08,7.05,9.03,175.38,1915.52,8012.46,0.94,36.66,164.48,2028.41,7879.01,10.8906,0.02,307,1915,84.93,14.25,8.619,211,196,Healthy
205,126,42.0061,0.84,100.0,445.0,549.86,1363.38,1135.37,3.91,5.72,138.58,2211.82,8313.85,1.02,42.11,131.05,2387.91,8080.18,9.3894,0.02,331,2212,100.0,10.7,6.4398,242,116,Warning
206,74,19.9982,0.7,100.0,491.19,607.63,1481.46,1245.19,9.35,13.65,334.57,2323.91,8724.65,1.08,44.06,315.56,2388.02,8064.76,9.188,0.02,364,2324,100.0,24.58,14.7639,263,189,Healthy
207,376,35.0051,0.8414,100.0,449.44,555.98,1373.61,1141.96,5.48,8.0,201.0,2223.74,8406.31,1.05,42.49,188.78,2388.86,8121.23,9.0839,0.02,338,2223,100.0,15.14,9.1285,379,3,Critical
208,213,35.0014,0.8404,100.0,449.44,555.79,1358.79,1126.23,5.48,8.0,194.6,2223.53,8387.44,1.03,41.85,183.83,2388.61,8101.77,9.3272,0.02,335,2223,100.0,14.85,8.9329,290,77,Warning
209,130,25.0035,0.621,60.0,462.54,537.0,1269.13,1050.69,7.05,9.03,176.14,1915.59,8026.35,0.94,36.89,164.8,2028.41,7890.07,10.9508,0.02,308,1915,84.93,14.2,8.5477,161,31,Critical
210,157,35.004,0.84,100.0,449.44,556.26,1380.67,1136.85,5.48,8.01,194.74,2224.36,8446.51,1.02,42.34,182.89,2389.6,8149.42,9.3959,0.02,338,2223,100.0,14.76,8.9469,167,10,Critical
211,86,19.9983,0.7,100.0,491.19,607.96,1487.49,1264.24,9.35,13.66,334.32,2324.04,8732.28,1.08,44.64,314.34,2388.18,8063.76,9.2399,0.03,366,2324,100.0,24.41,14.6715,146,60,Critical
212,187,0.0016,0.0,100.0,518.67,643.11,1595.75,1408.65,14.62,21.61,553.46,2388.12,9096.54,1.3,47.53,520.85,2388.11,8165.43,8.4451,0.03,394,2388,100.0,38.8,23.3586,229,42,Critical
213,191,10.0026,0.2506,100.0,489.05,605.96,1505.54,1329.36,10.52,15.5,392.99,2319.15,8809.77,1.26,46.16,370.89,2388.4,8148.84,8.7512,0.03,372,2319,100.0,28.32,16.9891,197,6,Critical
214,51,25.0078,0.62,60.0,462.54,536.93,1261.27,1053.88,7.05,9.02,175.32,1915.17,8005.64,0.94,36.94,164.64,2028.03,7861.96,10.9001,0.02,307,1915,84.93,14.25,8.5357,128,77,Warning
215,118,10.007,0.25,100.0,489.05,604.57,1502.26,1301.26,10.52,15.49,394.58,2318.9,8779.92,1.26,45.22,372.08,2388.03,8131.13,8.6179,0.03,368,2319,100.0,28.64,17.1695,361,243,Healthy
216,102,10.0002,0.2515,100.0,489.05,604.91,1501.55,1312.26,10.52,15.49,394.27,2318.92,8784.81,1.26,45.36,371.86,2388.14,8127.86,8.6572,0.03,367,2319,100.0,28.34,17.2229,244,142,Healthy
217,17,25.0063,0.6211,60.0,462.54,536.57,1261.48,1043.34,7.05,9.03,175.29,1915.41,8013.5,0.94,36.7,164.39,2028.29,7876.37,10.8494,0.02,308,1915,84.93,14.25,8.5834,200,183,Healthy
218,230,25.0003,0.62,60.0,462.54,537.27,1269.84,1059.84,7.05,9.03,174.91,1915.13,8007.03,0.94,37.16,164.24,2027.99,7864.1,11.0002,0.02,308,1915,84.93,14.08,8.5225,236,6,Critical
219,14,0.0024,0.0,100.0,518.67,642.36,1587.02,1399.79,14.62,21.6,555.74,2388.05,9062.33,1.3,47.1,523.92,2388.02,8145.56,8.3857,0.03,390,2388,100.0,39.01,23.2655,190,176,Healthy
220,194,42.0076,0.8417,100.0,445.0,550.53,1360.8,1146.8,3.91,5.72,138.46,2212.64,8374.9,1.02,42.49,130.75,2388.8,8124.99,9.4254,0.02,333,2212,100.0,10.64,6.3436,202,8,Critical
221,21,0.0013,0.0013,100.0,518.67,642.33,1590.94,1395.66,14.62,21.6,556.6,2388.05,9062.27,1.3,47.38,524.52,2388.07,8140.7,8.345,0.03,392,2388,100.0,39.06,23.485,274,253,Healthy
222,140,35.0019,0.8401,100.0,449.44,555.4,1367.29,1120.47,5.48,8.0,194.35,2222.8,8346.61,1.02,41.96,182.84,2387.92,8057.73,9.3686,0.02,333,2223,100.0,14.71,8.9195,202,62,Warning
223,134,42.0035,0.8411,100.0,445.0,549.16,1355.79,1122.14,3.91,5.72,139.41,2211.78,8318.55,1.02,42.12,129.66,2387.9,8087.07,9.3557,0.02,329,2212,100.0,10.68,6.2915,247,113,Warning
224,235,25.0062,0.621,60.0,462.54,536.46,1265.13,1046.14,7.05,9.0,178.15,1915.62,8030.02,0.94,36.8,166.38,2028.51,7886.09,10.7378,0.02,307,1915,84.93,14.64,8.7244,268,33,Critical
225,210,20.0037,0.7006,100.0,491.19,606.5,1477.22,1235.18,9.35,13.59,331.89,2323.68,8710.83,1.07,43.92,312.79,2387.71,8053.11,9.1917,0.02,362,2324,100.0,24.38,14.6564,418,208,Healthy
226,158,10.0,0.25,100.0,489.05,605.52,1503.69,1310.32,10.52,15.5,393.81,2318.98,8803.08,1.26,45.6,370.93,2388.21,8145.2,8.6734,0.03,370,2319,100.0,28.38,17.0796,194,36,Critical
227,65,0.0021,0.0011,100.0,518.67,641.39,1573.36,1397.12,14.62,21.6,554.63,2387.98,9047.04,1.3,47.16,522.28,2387.94,8132.19,8.3981,0.03,391,2388,100.0,38.96,23.5033,287,222,Healthy
228,160,0.0022,0.0004,100.0,518.67,641.87,1577.34,1395.29,14.62,21.6,556.15,2388.05,9054.3,1.3,47.11,523.71,2388.03,8142.79,8.3731,0.03,392,2388,100.0,39.13,23.4917,279,119,Warning
229,265,34.9991,0.84,100.0,449.44,556.69,1371.45,1142.06,5.48,8.0,193.81,2223.75,8401.96,1.02,42.54,182.63,2388.86,8110.72,9.3818,0.02,336,2223,100.0,14.73,8.833,280,15,Critical
230,248,0.0027,0.0,100.0,518.67,643.19,1601.73,1420.18,14.62,21.59,568.52,2388.54,9123.84,1.31,48.1,535.05,2388.51,8190.56,8.2469,0.03,395,2388,100.0,39.56,23.7984,250,2,Critical
231,169,0.0015,0.0,100.0,518.67,643.26,1590.24,1419.83,14.62,21.61,552.98,2388.12,9045.37,1.3,47.8,520.99,2388.21,8120.25,8.4773,0.03,395,2388,100.0,38.75,23.2511,194,25,Critical
232,62,10.0063,0.25,100.0,489.05,605.03,1491.4,1305.69,10.52,15.49,394.47,2318.85,8780.27,1.26,45.2,371.64,2388.05,8132.81,8.6162,0.03,368,2319,100.0,28.71,17.1441,273,211,Healthy
233,31,42.0027,0.8406,100.0,445.0,549.55,1353.9,1119.36,3.91,5.71,138.66,2211.97,8330.55,1.02,41.93,130.91,2388.1,8088.27,9.3417,0.02,331,2212,100.0,10.6,6.3292,289,258,Healthy
234,1,0.0029,0.0,100.0,518.67,642.83,1588.46,1409.3,14.62,21.61,553.18,2388.07,9054.21,1.3,47.39,521.95,2388.09,8127.17,8.4323,0.03,394,2388,100.0,39.11,23.277,207,206,Healthy
235,121,10.0051,0.25,100.0,489.05,604.88,1494.79,1303.85,10.52,15.48,397.19,2318.91,8801.07,1.26,45.19,374.08,2388.18,8136.79,8.5313,0.03,368,2319,100.0,28.76,17.2495,199,78,Warning
236,195,25.0019,0.62,60.0,462.54,536.95,1272.64,1046.29,7.05,9.0,177.56,1915.56,8029.84,0.94,36.8,166.18,2028.55,7883.87,10.8005,0.02,306,1915,84.93,14.37,8.64,225,30,Critical
237,142,42.0006,0.84,100.0,445.0,549.88,1358.74,1126.14,3.91,5.71,138.95,2212.17,8334.74,1.02,42.18,130.7,2388.24,8098.8,9.345,0.02,332,2212,100.0,10.52,6.3741,212,70,Warning
238,125,20.0057,0.7,100.0,491.19,607.0,1479.18,1243.18,9.35,13.6,334.33,2323.77,8715.74,1.07,44.07,314.23,2387.95,8059.12,9.1841,0.02,363,2324,100.0,24.68,14.6626,187,62,Warning
239,130,42.0003,0.84,100.0,445.0,549.09,1348.14,1111.21,3.91,5.7,138.12,2211.93,8310.63,1.02,41.9,130.17,2388.04,8076.47,9.3434,0.02,329,2212,100.0,10.61,6.5494,365,235,Healthy
240,98,0.0001,0.0005,100.0,518.67,642.39,1589.09,1408.73,14.62,21.61,553.66,2388.15,9042.13,1.3,47.56,521.47,2388.06,8128.18,8.4063,0.03,394,2388,100.0,38.94,23.359,149,51,Critical
241,125,25.0005,0.62,60.0,462.54,536.81,1260.0,1041.92,7.05,9.03,175.15,1915.43,8015.62,0.94,36.68,165.39,2028.31,7874.44,10.866,0.02,305,1915,84.93,14.17,8.6078,332,207,Healthy
242,162,25.0049,0.6218,60.0,462.54,536.66,1257.41,1049.87,7.05,9.03,175.76,1915.42,8020.24,0.94,36.59,164.93,2028.27,7874.81,10.9247,0.02,307,1915,84.93,13.99,8.6001,222,60,Critical
243,279,24.9986,0.62,60.0,462.54,536.74,1261.96,1052.28,7.05,9.0,176.93,1915.55,8019.11,0.94,36.74,166.28,2028.48,7890.04,10.7402,0.02,307,1915,84.93,14.41,8.6262,327,48,Critical
244,112,24.9997,0.621,60.0,462.54,536.69,1263.87,1049.79,7.05,9.03,175.87,1915.4,8013.41,0.94,36.73,164.74,2028.34,7882.44,10.9253,0.02,307,1915,84.93,14.24,8.6256,267,155,Healthy
245,201,20.0049,0.7,100.0,491.19,608.09,1493.9,1269.37,9.35,13.66,333.62,2324.1,8734.88,1.08,45.19,313.74,2388.34,8061.68,9.3267,0.03,367,2324,100.0,24.3,14.522,205,4,Critical
246,74,20.0018,0.7011,100.0,491.19,607.97,1479.11,1246.21,9.35,13.66,334.18,2323.85,8707.04,1.08,44.41,314.45,2388.03,8048.3,9.2397,0.03,366,2324,100.0,24.47,14.6323,161,87,Warning
247,8,42.0057,0.84,100.0,445.0,549.26,1338.67,1107.69,3.91,5.69,137.7,2211.83,8293.73,1.01,41.57,129.52,2387.95,8069.35,9.3597,0.02,327,2212,100.0,10.45,6.3202,211,203,Healthy
248,136,35.0048,0.84,100.0,449.44,556.5,1370.41,1138.35,5.48,8.0,194.38,2222.89,8347.12,1.02,42.25,182.99,2387.95,8063.06,9.3795,0.02,335,2223,100.0,14.73,8.885,184,48,Critical
249,128,10.0,0.25,100.0,489.05,604.29,1492.24,1294.3,10.52,15.46,393.97,2318.76,8771.59,1.26,45.15,371.29,2387.88,8126.24,8.6361,0.03,368,2319,100.0,28.64,17.2207,255,127,Healthy
